[{
        "id": 1,
        "title": "Web Development Internship",
        "company": "ABC Company",
        "location": "New York, USA",
        "duration": "3 months",
        "stipend": "USD 1000/month",
        "description": "Lorem ipsum dolor sit amet, consectetur adipiscing elit.",
        "image": "https://previews.123rf.com/images/maxkabakov/maxkabakov1306/maxkabakov130600016/20026197-seo-web-development-concept-pixelated-words-web-technology-on-digital-background-3d-render.jpg"
    },
    {
        "id": 2,
        "title": "Graphic Design Internship",
        "company": "XYZ Studio",
        "location": "London, UK",
        "duration": "2 months",
        "stipend": "GBP 800/month",
        "description": "Aenean ac libero a nisl viverra feugiat nec ut magna.",
        "image": "https://cdn.eternalorganizer.com/wp-content/uploads/2017/09/04204513/Web-1.jpg"
    }

]